object_location,image_small,image_thumb
/objects/coll001-1.jpg,/objects/small/coll001-1_sm.jpg,/objects/thumbs/coll001-1_th.jpg
/objects/coll001-10.jpg,/objects/small/coll001-10_sm.jpg,/objects/thumbs/coll001-10_th.jpg
/objects/coll001-11.jpg,/objects/small/coll001-11_sm.jpg,/objects/thumbs/coll001-11_th.jpg
/objects/coll001-12.jpg,/objects/small/coll001-12_sm.jpg,/objects/thumbs/coll001-12_th.jpg
/objects/coll001-13.jpg,/objects/small/coll001-13_sm.jpg,/objects/thumbs/coll001-13_th.jpg
/objects/coll001-14.jpg,/objects/small/coll001-14_sm.jpg,/objects/thumbs/coll001-14_th.jpg
/objects/coll001-15.jpg,/objects/small/coll001-15_sm.jpg,/objects/thumbs/coll001-15_th.jpg
/objects/coll001-16.jpg,/objects/small/coll001-16_sm.jpg,/objects/thumbs/coll001-16_th.jpg
/objects/coll001-17.jpg,/objects/small/coll001-17_sm.jpg,/objects/thumbs/coll001-17_th.jpg
/objects/coll001-18.jpg,/objects/small/coll001-18_sm.jpg,/objects/thumbs/coll001-18_th.jpg
/objects/coll001-19.jpg,/objects/small/coll001-19_sm.jpg,/objects/thumbs/coll001-19_th.jpg
/objects/coll001-2.jpg,/objects/small/coll001-2_sm.jpg,/objects/thumbs/coll001-2_th.jpg
/objects/coll001-20.jpg,/objects/small/coll001-20_sm.jpg,/objects/thumbs/coll001-20_th.jpg
/objects/coll001-21.jpg,/objects/small/coll001-21_sm.jpg,/objects/thumbs/coll001-21_th.jpg
/objects/coll001-22.jpg,/objects/small/coll001-22_sm.jpg,/objects/thumbs/coll001-22_th.jpg
/objects/coll001-23.jpg,/objects/small/coll001-23_sm.jpg,/objects/thumbs/coll001-23_th.jpg
/objects/coll001-24.jpg,/objects/small/coll001-24_sm.jpg,/objects/thumbs/coll001-24_th.jpg
/objects/coll001-25.jpg,/objects/small/coll001-25_sm.jpg,/objects/thumbs/coll001-25_th.jpg
/objects/coll001-26.jpg,/objects/small/coll001-26_sm.jpg,/objects/thumbs/coll001-26_th.jpg
/objects/coll001-27.jpg,/objects/small/coll001-27_sm.jpg,/objects/thumbs/coll001-27_th.jpg
/objects/coll001-28.jpg,/objects/small/coll001-28_sm.jpg,/objects/thumbs/coll001-28_th.jpg
/objects/coll001-29.jpg,/objects/small/coll001-29_sm.jpg,/objects/thumbs/coll001-29_th.jpg
/objects/coll001-3.jpg,/objects/small/coll001-3_sm.jpg,/objects/thumbs/coll001-3_th.jpg
/objects/coll001-30.jpg,/objects/small/coll001-30_sm.jpg,/objects/thumbs/coll001-30_th.jpg
/objects/coll001-31.jpg,/objects/small/coll001-31_sm.jpg,/objects/thumbs/coll001-31_th.jpg
/objects/coll001-32.jpg,/objects/small/coll001-32_sm.jpg,/objects/thumbs/coll001-32_th.jpg
/objects/coll001-33.jpg,/objects/small/coll001-33_sm.jpg,/objects/thumbs/coll001-33_th.jpg
/objects/coll001-34.jpg,/objects/small/coll001-34_sm.jpg,/objects/thumbs/coll001-34_th.jpg
/objects/coll001-35.jpg,/objects/small/coll001-35_sm.jpg,/objects/thumbs/coll001-35_th.jpg
/objects/coll001-36.jpg,/objects/small/coll001-36_sm.jpg,/objects/thumbs/coll001-36_th.jpg
/objects/coll001-37.jpg,/objects/small/coll001-37_sm.jpg,/objects/thumbs/coll001-37_th.jpg
/objects/coll001-38.jpg,/objects/small/coll001-38_sm.jpg,/objects/thumbs/coll001-38_th.jpg
/objects/coll001-39.jpg,/objects/small/coll001-39_sm.jpg,/objects/thumbs/coll001-39_th.jpg
/objects/coll001-4.jpg,/objects/small/coll001-4_sm.jpg,/objects/thumbs/coll001-4_th.jpg
/objects/coll001-40.jpg,/objects/small/coll001-40_sm.jpg,/objects/thumbs/coll001-40_th.jpg
/objects/coll001-41.jpg,/objects/small/coll001-41_sm.jpg,/objects/thumbs/coll001-41_th.jpg
/objects/coll001-42.jpg,/objects/small/coll001-42_sm.jpg,/objects/thumbs/coll001-42_th.jpg
/objects/coll001-43.jpg,/objects/small/coll001-43_sm.jpg,/objects/thumbs/coll001-43_th.jpg
/objects/coll001-44.jpg,/objects/small/coll001-44_sm.jpg,/objects/thumbs/coll001-44_th.jpg
/objects/coll001-45.jpg,/objects/small/coll001-45_sm.jpg,/objects/thumbs/coll001-45_th.jpg
/objects/coll001-46.jpg,/objects/small/coll001-46_sm.jpg,/objects/thumbs/coll001-46_th.jpg
/objects/coll001-47.jpg,/objects/small/coll001-47_sm.jpg,/objects/thumbs/coll001-47_th.jpg
/objects/coll001-48.jpg,/objects/small/coll001-48_sm.jpg,/objects/thumbs/coll001-48_th.jpg
/objects/coll001-49.jpg,/objects/small/coll001-49_sm.jpg,/objects/thumbs/coll001-49_th.jpg
/objects/coll001-5.jpg,/objects/small/coll001-5_sm.jpg,/objects/thumbs/coll001-5_th.jpg
/objects/coll001-50.jpg,/objects/small/coll001-50_sm.jpg,/objects/thumbs/coll001-50_th.jpg
/objects/coll001-51.jpg,/objects/small/coll001-51_sm.jpg,/objects/thumbs/coll001-51_th.jpg
/objects/coll001-52.jpg,/objects/small/coll001-52_sm.jpg,/objects/thumbs/coll001-52_th.jpg
/objects/coll001-53.jpg,/objects/small/coll001-53_sm.jpg,/objects/thumbs/coll001-53_th.jpg
/objects/coll001-54.jpg,/objects/small/coll001-54_sm.jpg,/objects/thumbs/coll001-54_th.jpg
/objects/coll001-55.jpg,/objects/small/coll001-55_sm.jpg,/objects/thumbs/coll001-55_th.jpg
/objects/coll001-56.jpg,/objects/small/coll001-56_sm.jpg,/objects/thumbs/coll001-56_th.jpg
/objects/coll001-57.jpg,/objects/small/coll001-57_sm.jpg,/objects/thumbs/coll001-57_th.jpg
/objects/coll001-58.jpg,/objects/small/coll001-58_sm.jpg,/objects/thumbs/coll001-58_th.jpg
/objects/coll001-59.jpg,/objects/small/coll001-59_sm.jpg,/objects/thumbs/coll001-59_th.jpg
/objects/coll001-6.jpg,/objects/small/coll001-6_sm.jpg,/objects/thumbs/coll001-6_th.jpg
/objects/coll001-60.jpg,/objects/small/coll001-60_sm.jpg,/objects/thumbs/coll001-60_th.jpg
/objects/coll001-61.jpg,/objects/small/coll001-61_sm.jpg,/objects/thumbs/coll001-61_th.jpg
/objects/coll001-62.jpg,/objects/small/coll001-62_sm.jpg,/objects/thumbs/coll001-62_th.jpg
/objects/coll001-63.jpg,/objects/small/coll001-63_sm.jpg,/objects/thumbs/coll001-63_th.jpg
/objects/coll001-64.jpg,/objects/small/coll001-64_sm.jpg,/objects/thumbs/coll001-64_th.jpg
/objects/coll001-65.jpg,/objects/small/coll001-65_sm.jpg,/objects/thumbs/coll001-65_th.jpg
/objects/coll001-66.jpg,/objects/small/coll001-66_sm.jpg,/objects/thumbs/coll001-66_th.jpg
/objects/coll001-67.jpg,/objects/small/coll001-67_sm.jpg,/objects/thumbs/coll001-67_th.jpg
/objects/coll001-68.jpg,/objects/small/coll001-68_sm.jpg,/objects/thumbs/coll001-68_th.jpg
/objects/coll001-69.jpg,/objects/small/coll001-69_sm.jpg,/objects/thumbs/coll001-69_th.jpg
/objects/coll001-7.jpg,/objects/small/coll001-7_sm.jpg,/objects/thumbs/coll001-7_th.jpg
/objects/coll001-70.jpg,/objects/small/coll001-70_sm.jpg,/objects/thumbs/coll001-70_th.jpg
/objects/coll001-71.jpg,/objects/small/coll001-71_sm.jpg,/objects/thumbs/coll001-71_th.jpg
/objects/coll001-72.jpg,/objects/small/coll001-72_sm.jpg,/objects/thumbs/coll001-72_th.jpg
/objects/coll001-73.jpg,/objects/small/coll001-73_sm.jpg,/objects/thumbs/coll001-73_th.jpg
/objects/coll001-74.jpg,/objects/small/coll001-74_sm.jpg,/objects/thumbs/coll001-74_th.jpg
/objects/coll001-75.jpg,/objects/small/coll001-75_sm.jpg,/objects/thumbs/coll001-75_th.jpg
/objects/coll001-76.jpg,/objects/small/coll001-76_sm.jpg,/objects/thumbs/coll001-76_th.jpg
/objects/coll001-77.jpg,/objects/small/coll001-77_sm.jpg,/objects/thumbs/coll001-77_th.jpg
/objects/coll001-78.jpg,/objects/small/coll001-78_sm.jpg,/objects/thumbs/coll001-78_th.jpg
/objects/coll001-79.jpg,/objects/small/coll001-79_sm.jpg,/objects/thumbs/coll001-79_th.jpg
/objects/coll001-8.jpg,/objects/small/coll001-8_sm.jpg,/objects/thumbs/coll001-8_th.jpg
/objects/coll001-80-2.jpg,/objects/small/coll001-80-2_sm.jpg,/objects/thumbs/coll001-80-2_th.jpg
/objects/coll001-80.jpg,/objects/small/coll001-80_sm.jpg,/objects/thumbs/coll001-80_th.jpg
/objects/coll001-81.jpg,/objects/small/coll001-81_sm.jpg,/objects/thumbs/coll001-81_th.jpg
/objects/coll001-9.jpg,/objects/small/coll001-9_sm.jpg,/objects/thumbs/coll001-9_th.jpg
/objects/demo_001.jpg,/objects/small/demo_001_sm.jpg,/objects/thumbs/demo_001_th.jpg
/objects/demo_002.pdf,/objects/small/demo_002_sm.jpg,/objects/thumbs/demo_002_th.jpg
/objects/demo_003.mp3,,
/objects/demo_004.jpg,/objects/small/demo_004_sm.jpg,/objects/thumbs/demo_004_th.jpg
